{
  "SSIM_IR": {
    "avg": 0.6070943660563954,
    "min": 0.20376934558235724,
    "max": 0.818365417871
  },
  "SSIM_VI": {
    "avg": 0.7314183091432542,
    "min": 0.5554449899677858,
    "max": 0.8286567009632809
  },
  "SSIM_AVG": {
    "avg": 0.6692563375998248,
    "min": 0.49657002834911884,
    "max": 0.8157739985598818
  },
  "PSNR_IR": {
    "avg": 18.397158082594157,
    "min": 9.222341102255125,
    "max": 27.850483901439397
  },
  "PSNR_VI": {
    "avg": 18.25008421264055,
    "min": 10.624997518206955,
    "max": 29.267589661441566
  },
  "PSNR_AVG": {
    "avg": 18.323621147617352,
    "min": 10.704062654948677,
    "max": 26.937446687412503
  },
  "EN": {
    "avg": 