{
  "SSIM_IR": {
    "avg": 0.6070943660563954,
    "min": 0.20376934558235724,
    "max": 0.818365417871
  },
  "SSIM_VI": {
    "avg": 0.7314183091432542,
    "min": 0.5554449899677858,
    "max": 0.8286567009632809
  },
  "SSIM_AVG": {
    "avg": 0.6692563375998248,
    "min": 0.49657002834911884,
    "max": 0.8157739985598818
  },
  "PSNR_IR": {
    "avg": 18.397158082594157,
    "min": 9.222341102255125,
    "max": 27.850483901439397
  },
  "PSNR_VI": {
    "avg": 18.25008421264055,
    "min": 10.624997518206955,
    "max": 29.267589661441566
  },
  "PSNR_AVG": {
    "avg": 18.323621147617352,
    "min": 10.704062654948677,
    "max": 26.937446687412503
  },
  "EN": {
    "avg": 5.9440155029296875,
    "min": 3.443815231323242,
    "max": 7.370237827301025
  },
  "SF": {
    "avg": 10.144949871927155,
    "min": 2.7676110299137573,
    "max": 25.697659156700247
  },
  "AG": {
    "avg": 32.76270264533711,
    "min": 10.494177047120436,
    "max": 104.812526969397
  },
  "SD": {
    "avg": 31.958047048554253,
    "min": 7.572604988537097,
    "max": 69.91717726628362
  },
  "EI": {
    "avg": 32.73415882877354,
    "min": 10.476467163312385,
    "max": 104.74752557326583
  },
  "MI_IR": {
    "avg": 0.7316832542279575,
    "min": 0.17007117578559955,
    "max": 2.3470314278216238
  },
  "MI_VI": {
    "avg": 1.5839356092125871,
    "min": 0.3300637151100706,
    "max": 2.9911414396352063
  },
  "MI_AVG": {
    "avg": 1.1578094317202723,
    "min": 0.6866005707642255,
    "max": 1.9055559690417554
  },
  "Qabf": {
    "avg": 0.9555942318202579,
    "min": 0.7312944050730599,
    "max": 1.0
  }
}